Region,Division,State,Abbrev,Year,Female,Male,Under_15,15_64,65_Over,Am_Indian,Asian,Black,White,Population,Owner,Renter,Households
3,6,Alabama,AL,1900,911933,916764,752679,1014995,54306,177,61,827307,1001152,1828697,122449,231180,370980
4,8,Arizona,AZ,1900,51136,71795,40455,77859,3328,26480,1700,1848,92903,122931,15317,10545,27817
3,7,Arkansas,AR,1900,636252,675312,543713,731333,31344,66,62,366856,944580,1311564,119827,130411,262421
4,9,California,CA,1900,664522,820531,389831,1008202,76846,15377,55904,11045,1402727,1485053,146994,162275,324690
4,8,Colorado,CO,1900,244368,295332,163147,358357,13646,1437,647,8570,529046,539700,54965,61386,122349
1,1,Connecticut,CT,1900,454126,454294,254321,602084,50850,153,617,15226,892424,908420,76855,119094,200640
3,5,Delaware,DE,1900,90577,94158,57981,117777,8468,9,52,30697,153977,184735,13641,23835,39007
3,5,District_of_Columbia,DC,1900,146714,132004,69615,197074,11734,22,462,86702,191532,278718,12998,40753,55465
3,5,Florida,FL,1900,253296,275246,204027,307861,13941,358,121,230730,297333,528542,50930,55920,113629
3,5,Georgia,GA,1900,1113130,1103201,916862,1226736,66376,19,205,1034813,1181294,2216331,129667,291447,450712
4,8,Idaho,ID,1900,68405,93367,58917,97840,4425,4226,2758,293,154495,161772,24370,9218,35819
2,3,Illinois,IL,1900,2348768,2472782,1588685,3030932,190639,16,1583,85078,4734873,4821550,451597,547369,1024189
2,3,Indiana,IN,1900,1231058,1285404,813069,1580234,117861,243,212,57505,2458502,2516462,312283,242588,567072
2,4,Iowa,IA,1900,1075004,1156849,759613,1361103,105916,382,111,12693,2218667,2231853,282760,183053,476710
2,4,Kansas,KS,1900,701779,768716,512739,894328,60373,2130,43,52003,1416319,1470495,183286,126240,319422
3,6,Kentucky,KY,1900,1056947,1090227,809142,1254131,77127,102,57,284706,1862309,2147174,218142,204009,434228
3,7,Louisiana,LA,1900,686892,694733,560646,777550,40223,593,616,650804,729612,1381625,83575,181577,281449
1,1,Maine,ME,1900,343471,350995,189333,448369,55122,798,123,1319,692226,694466,102537,55028,161588
3,5,Maryland,MD,1900,598769,589275,393546,740421,49983,3,553,235064,952424,1188044,90702,135353,239837
1,1,Massachusetts,MA,1900,1437872,1367474,767628,1885083,143107,587,3021,31974,2769764,2805346,206127,379696,604873
2,3,Michigan,MI,1900,1172077,1248905,772334,1523962,121160,6354,249,15816,2398563,2420982,330276,198078,542358
2,4,Minnesota,MN,1900,818904,932490,637801,1042720,66771,9182,217,4959,1737036,1751394,208189,118034,337284
3,6,Mississippi,MS,1900,769819,781451,650444,852558,45029,2203,237,907630,641200,1551270,102645,194637,316114
2,4,Missouri,MO,1900,1510955,1595710,1082065,1903512,112682,130,458,161234,2944843,3106665,322244,307492,646872
4,8,Montana,MT,1900,93487,149842,71130,166109,4845,11343,4180,1523,226283,243329,28563,20556,52125
2,4,Nebraska,NE,1900,501708,564592,388288,641596,34754,3322,183,6269,1056526,1066300,120705,90711,217990
4,8,Nevada,NV,1900,16732,25603,10764,28853,2268,5216,1580,134,35405,42335,6511,3134,10472
1,1,New_Hampshire,NH,1900,206209,205379,106592,271524,32344,22,113,662,410791,411588,50593,42840,96534
1,2,New_Jersey,NJ,1900,941909,941760,577518,1222755,79617,63,1445,69844,1812317,1883669,136055,259848,408993
4,8,New_Mexico,NM,1900,91082,104228,75877,112857,5846,13144,349,1610,180207,195310,29223,13118,45510
1,2,New_York,NY,1900,3654114,3614780,2111000,4798984,347905,5257,7524,99232,7156881,7268894,521537,1043800,1608170
3,5,North_Carolina,NC,1900,955133,938677,782401,1040395,66148,5687,51,624469,1263603,1893810,165222,188162,367565
2,4,North_Dakota,ND,1900,141653,177493,125492,185556,7357,6968,180,286,311712,319146,49163,11863,63360
2,3,Ohio,OH,1900,2054890,2102655,1282471,2658540,209563,42,398,96901,4060204,4157545,481592,431301,934674
3,7,Oklahoma,OK,1900,367080,423311,326180,444587,15379,64445,58,55684,670204,790391,84293,70903,161946
4,9,Oregon,OR,1900,180551,232985,126135,269994,16475,4951,12898,1105,394582,413536,50174,33745,87545
1,2,Pennsylvania,PA,1900,3097574,3204541,2040977,3987374,261817,1639,1967,156845,6141664,6302115,523843,742385,1303174
1,1,Rhode_Island,RI,1900,218040,210516,120471,287373,19798,35,379,9092,419050,428556,26009,64362,92735
3,5,South_Carolina,SC,1900,675421,664895,572277,726612,39623,121,67,782321,557807,1340316,77054,174448,267859
2,4,South_Dakota,SD,1900,185406,216164,154565,233432,12836,20225,166,465,380714,401570,56785,22610,82290
3,6,Tennessee,TN,1900,999392,1021224,783441,1162962,66441,108,79,480243,1540186,2020616,179175,206077,399017
3,7,Texas,TX,1900,1469810,1578900,1267974,1694573,74037,470,849,620722,2426669,3048710,261933,299312,582055
4,8,Utah,UT,1900,135062,141687,113350,152512,10055,2623,989,672,272465,276749,36724,17012,55208
1,1,Vermont,VT,1900,168503,175138,94877,220130,27771,5,39,826,342771,343641,47751,31014,80559
3,5,Virginia,VA,1900,928287,925897,710520,1066930,72846,354,253,660722,1192855,1854184,170574,177087,360749
4,9,Washington,WA,1900,213925,304178,157899,339264,14681,10039,9246,2514,496304,518103,57204,45113,107171
3,5,West_Virginia,WV,1900,459558,499242,367883,554894,32236,12,56,43499,915233,958800,98469,80759,183780
2,3,Wisconsin,WI,1900,1001480,1067562,739998,1223096,103192,8372,217,2542,2057911,2069042,274010,137009,420327
4,8,Wyoming,WY,1900,34347,58184,28312,62585,1407,1686,854,940,89051,92531,9674,7388,18632
3,6,Alabama,AL,1910,1063884,1074209,849714,1218923,65363,909,70,908282,1228832,2138093,154716,285722,454767
4,8,Arizona,AZ,1910,85780,118574,64786,133137,5794,29201,1676,2009,171468,204354,22712,23408,47927
3,7,Arkansas,AR,1910,764423,810026,620241,906960,44898,460,72,442891,1131026,1574449,151002,173251,333368
4,9,California,CA,1910,1054571,1322978,543796,1700129,125263,16371,79861,21645,2259672,2377549,270379,275723,563636
4,8,Colorado,CO,1910,368327,430697,227866,542082,26727,1482,2674,11453,783415,799024,96728,90929,194467
1,1,Connecticut,CT,1910,551114,563642,309002,744699,59588,152,533,15174,1098897,1114756,90457,151960,246659
3,5,Delaware,DE,1910,98887,103435,58550,132942,10465,5,34,31181,171102,202322,17794,25951,44951
3,5,District_of_Columbia,DC,1910,173019,158050,76630,236187,17017,68,427,94446,236128,331069,17375,51607,71339
3,5,Florida,FL,1910,358453,394166,268216,459459,21797,74,242,308669,443634,752619,72027,90806,171422
3,5,Georgia,GA,1910,1304102,1305019,1039227,1485021,80729,95,237,1176987,1431802,2609121,164116,373887,553264
4,8,Idaho,ID,1910,140048,185546,108478,207071,8940,3488,2234,651,319221,325594,47045,22035,73669
2,3,Illinois,IL,1910,2726917,2911674,1665812,3714530,243374,188,2392,109049,5526962,5638591,545999,693083,1264717
2,3,Indiana,IN,1910,1317581,1383295,796039,1751856,149474,279,316,60320,2639961,2700876,352295,290727,654891
2,4,Iowa,IA,1910,1076600,1148171,687062,1408558,125400,471,136,14973,2209191,2224771,292951,208344,512515
2,4,Kansas,KS,1910,805037,885912,537696,1061521,87956,2444,123,54030,1634352,1690949,228504,157817,395771
3,6,Kentucky,KY,1910,1128196,1161709,820166,1372518,94124,234,64,261656,2027951,2289905,251059,235433,494788
3,7,Louisiana,LA,1910,821113,835275,636603,965066,49733,780,648,713874,941086,1656388,106953,225433,344144
1,1,Maine,ME,1910,365319,377052,203066,477015,61072,892,121,1363,739995,742371,109298,65523,177960
3,5,Maryland,MD,1910,651121,644225,401001,832271,60667,55,402,232250,1062639,1295346,117297,149201,274824
1,1,Massachusetts,MA,1910,1711168,1655248,908692,2279274,175015,688,2747,38055,3324926,3366416,240445,484932,734013
2,3,Michigan,MI,1910,1355639,1454534,832401,1817806,156519,7519,292,17115,2785247,2810173,398616,247152,657418
2,4,Minnesota,MN,1910,967197,1108511,661475,1323178,86057,9053,344,7084,2059227,2075708,251092,154340,416452
3,6,Mississippi,MS,1910,891354,905760,723848,1014592,54338,1253,263,1009487,786111,1797114,127157,247106,384724
2,4,Missouri,MO,1910,1605522,1687813,1022926,2112659,150253,313,638,157452,3134932,3293335,374461,358514,749812
4,8,Montana,MT,1910,149181,226872,102188,261909,9085,10745,2894,1834,360580,376053,48757,32511,86602
2,4,Nebraska,NE,1910,564432,627782,389964,749510,50771,3502,730,7689,1180293,1192214,153155,106099,265549
4,8,Nevada,NV,1910,29324,52551,16989,61242,3120,5240,1846,513,74276,81875,11925,10421,23677
1,1,New_Hampshire,NH,1910,214282,216290,112725,283115,34070,34,68,564,429906,430572,52052,49549,103156
1,2,New_Jersey,NJ,1910,1250704,1286463,737916,1689408,107087,168,1345,89760,2445894,2537167,191177,355076,558202
4,8,New_Mexico,NM,1910,152056,175245,120719,196402,9686,20573,506,1628,304594,327301,54537,22704,78883
1,2,New_York,NY,1910,4529017,4584597,2488621,6195752,418155,6046,6532,134191,8966845,9113614,622125,1387900,2046845
3,5,North_Carolina,NC,1910,1107811,1098476,893656,1231275,77688,7851,82,697843,1500511,2206287,203552,227239,440334
2,4,North_Dakota,ND,1910,259502,317554,211718,350841,12898,6486,98,617,569855,577056,87641,28123,120910
2,3,Ohio,OH,1910,2332363,2434758,1343976,3155032,261810,127,645,111452,4654897,4767121,574085,545519,1138165
3,7,Oklahoma,OK,1910,775577,881578,645748,967245,41045,74825,187,137612,1444531,1657155,154571,186109,351167
4,9,Oregon,OR,1910,288500,384265,172910,469977,28153,5090,11093,1492,655090,672765,87688,58279,151858
1,2,Pennsylvania,PA,1910,3722905,3942206,2368926,4959478,325918,1503,1976,193919,7467713,7665111,662091,929256,1630628
1,1,Rhode_Island,RI,1910,272296,270314,149559,367168,25020,284,305,9529,532492,542610,32849,83134,117976
3,5,South_Carolina,SC,1910,763558,751842,629645,839292,44092,331,65,835843,679161,1515400,93757,210904,315204
2,4,South_Dakota,SD,1910,266776,317112,200443,362784,19288,19137,163,817,563771,583888,86539,40302,131060
3,6,Tennessee,TN,1910,1081298,1103491,806938,1290757,83464,216,53,473088,1711432,2184789,213125,240515,462553
3,7,Texas,TX,1910,1878916,2017626,1504430,2273275,110801,702,943,690049,3204848,3896542,350176,425770,798426
4,8,Utah,UT,1910,176488,196863,138643,221040,12369,3123,2501,1144,366583,373351,48131,26144,77339
1,1,Vermont,VT,1910,173388,182568,98279,228206,29262,26,11,1621,354298,355956,49489,35112,85178
3,5,Virginia,VA,1910,1026264,1035348,762878,1210976,84981,539,168,671096,1389809,2061612,211322,198860,419452
4,9,Washington,WA,1910,483327,658663,301236,797387,36573,10997,15824,6058,1109111,1141990,140367,104471,254692
3,5,West_Virginia,WV,1910,577075,644044,448324,728659,42192,36,93,64173,1156817,1221119,120583,123068,248480
2,3,Wisconsin,WI,1910,1125282,1208578,750203,1462660,118637,10142,263,2900,2320555,2333860,316578,173787,499629
4,8,Wyoming,WY,1910,54295,91670,39209,103707,2796,1486,1926,2235,140318,145965,16961,14159,32092
3,6,Alabama,AL,1920,1175069,1173105,917165,1344804,83498,405,85,900652,1447032,2348174,172363,319756,508769
4,8,Arizona,AZ,1920,150560,183602,111374,211786,9977,32989,1719,8005,291449,334162,33075,44163,80208
3,7,Arkansas,AR,1920,856976,895228,670770,1017658,62092,106,121,472220,1279757,1752204,171253,208491,390960
4,9,California,CA,1920,1613270,1813591,815282,2401859,200301,17360,106027,38763,3264711,3426861,382834,493177,900232
4,8,Colorado,CO,1920,446898,492731,281358,609554,41063,1383,2825,11318,924103,939629,116781,109501,230843
1,1,Connecticut,CT,1920,685296,695335,414825,895876,68517,159,694,21046,1358732,1380631,115181,190964,311610
3,5,Delaware,DE,1920,109248,113755,64287,145592,12402,2,51,30335,192615,223003,22829,28287,52070
3,5,District_of_Columbia,DC,1920,234028,203543,90092,324955,20635,37,708,109966,326860,437571,28503,65654,96194
3,5,Florida,FL,1920,473150,495320,322994,602099,40664,518,312,329487,638153,968470,94990,128678,234133
3,5,Georgia,GA,1920,1451009,1444823,1110914,1679867,102111,125,228,1206365,1689114,2895832,188185,421047,628525
4,8,Idaho,ID,1920,197947,233919,152412,264276,14839,3098,2180,920,425668,431866,59208,38013,100500
2,3,Illinois,IL,1920,3180447,3304833,1895667,4283042,297647,194,3479,182274,6299333,6485280,658260,846071,1534077
2,3,Indiana,IN,1920,1441316,1489074,848576,1894289,183695,125,384,80810,2849071,2930390,395402,326192,737707
2,4,Iowa,IA,1920,1174629,1229392,718667,1537525,144392,529,306,19005,2384181,2404021,332567,239880,586070
2,4,Kansas,KS,1920,860036,909221,551843,1109930,104747,2276,150,57925,1708906,1769257,241456,182784,435600
3,6,Kentucky,KY,1920,1189136,1227494,850433,1450507,113772,57,75,235938,2180560,2416630,275993,258643,546306
3,7,Louisiana,LA,1920,895174,903335,651670,1083071,59443,1066,575,700257,1096611,1798509,126410,248802,389913
1,1,Maine,ME,1920,379262,388752,216772,488246,62101,839,170,1310,765695,768014,108829,73860,186106
3,5,Maryland,MD,1920,720206,729455,430579,945123,72468,32,413,244479,1204737,1449661,159262,160219,324742
1,1,Massachusetts,MA,1920,1962342,1890014,1079125,2563652,206447,555,2811,45466,3803524,3852356,301245,564097,874798
2,3,Michigan,MI,1920,1739976,1928436,1099259,2374449,190972,5614,1089,60082,3601627,3668412,499471,349054,862745
2,4,Minnesota,MN,1920,1141588,1245537,743954,1529752,110766,8761,619,8809,2368936,2387125,312367,202222,526026
3,6,Mississippi,MS,1920,893494,897124,687972,1032669,66708,1105,367,935184,853962,1790618,132900,257971,403198
2,4,Missouri,MO,1920,1680736,1723319,1001405,2212937,185502,171,599,178241,3225044,3404055,401667,409068,829043
4,8,Montana,MT,1920,248948,299941,178773,351371,16808,10956,2015,1658,534260,548889,81840,53362,139912
2,4,Nebraska,NE,1920,623567,672805,415928,813557,64341,2888,1023,13242,1279219,1296372,169098,125713,303436
4,8,Nevada,NV,1920,31167,46240,19212,54407,3473,4907,1455,346,70699,77407,9938,10940,21862
1,1,New_Hampshire,NH,1920,220971,222112,119944,287137,35210,28,103,621,442331,443083,52778,53159,108334
1,2,New_Jersey,NJ,1920,1565825,1590075,952890,2066968,133481,100,1581,117132,3037087,3155900,271914,438911,721841
4,8,New_Mexico,NM,1920,169894,190456,133680,213971,12244,19512,432,5733,334673,360350,48152,32907,83706
1,2,New_York,NY,1920,5197877,5187350,2884859,6995306,493097,5503,9214,198483,10172027,10385227,738738,1670088,2441125
3,5,North_Carolina,NC,1920,1280061,1279062,1033307,1423891,98716,11824,113,763407,1783779,2559123,235842,261303,513377
2,4,North_Dakota,ND,1920,305199,341673,251421,374835,19324,6254,197,467,639954,646872,84904,45050,134881
2,3,Ohio,OH,1920,2803414,2955980,1643267,3792778,319437,151,1163,186187,5571893,5759394,719097,673858,1414068
3,7,Oklahoma,OK,1920,970239,1058044,761769,1198461,64772,57337,344,149408,1821194,2028283,193840,231813,444524
4,9,Oregon,OR,1920,367055,416334,213416,526536,42583,4590,7509,2144,769146,783389,108772,89588,202890
1,2,Pennsylvania,PA,1920,4290997,4429020,2802436,5515655,394303,337,2386,284568,8432726,8720017,853471,1035534,1922114
1,1,Rhode_Island,RI,1920,306873,297524,174445,399469,30190,110,271,10036,593980,604397,41921,92800,137160
3,5,South_Carolina,SC,1920,845431,838293,687448,941565,53375,304,163,864719,818538,1683724,108179,227657,349126
2,4,South_Dakota,SD,1920,299427,337120,220862,388702,25536,16384,184,832,619147,636547,84712,53099,142793
3,6,Tennessee,TN,1920,1163918,1173967,843560,1390982,101189,56,78,451758,1885993,2337885,241875,264982,519108
3,7,Texas,TX,1920,2254006,2409222,1651713,2837979,163046,2109,1260,741694,3918165,4663228,421875,563597,1017413
4,8,Utah,UT,1920,217345,232051,169492,263560,15883,2711,3338,1446,441901,449396,57985,38598,98346
1,1,Vermont,VT,1920,173574,178854,100541,221817,29694,24,15,572,351817,352428,48370,35706,85804
3,5,Virginia,VA,1920,1140695,1168492,826312,1379829,100008,824,437,690017,1617909,2309187,242062,231563,483363
4,9,Washington,WA,1920,621920,734701,372245,919378,60211,9061,20900,6883,1319777,1356621,183322,151513,342228
3,5,West_Virginia,WV,1920,700601,763100,544453,860322,56140,7,114,86345,1377235,1463701,141362,160528,310098
2,3,Wisconsin,WI,1920,1275349,1356718,822207,1666599,140406,9611,317,5201,2616938,2632067,371822,212464,595316
4,8,Wyoming,WY,1920,84043,110359,60867,127671,4989,1343,1538,1375,190146,194402,24060,22271,48476
3,6,Alabama,AL,1930,1331239,1315009,949035,1596704,99240,465,105,944834,1700844,2646248,198472,381466,591625
4,8,Arizona,AZ,1930,204269,231304,143405,275875,15768,43726,2547,10749,378551,435573,45808,56380,105992
3,7,Arkansas,AR,1930,914639,939843,645550,1132554,75600,408,296,478463,1375315,1854482,168767,251897,438639
4,9,California,CA,1930,2734656,2942595,1294887,4002500,366125,19212,168731,81048,5408260,5677251,726072,848888,1610030
4,8,Colorado,CO,1930,505039,530752,299390,673913,61787,1395,3775,11828,1018793,1035791,131571,127979,267324
1,1,Connecticut,CT,1930,805600,801303,445475,1067172,93319,162,687,29354,1576700,1606903,171202,213445,388645
3,5,Delaware,DE,1930,117123,121257,64218,157346,16678,5,55,32602,205718,238380,30187,27804,59092
3,5,District_of_Columbia,DC,1930,254986,231883,100640,357194,27253,40,780,132068,353981,486869,47220,75254,125554
3,5,Florida,FL,1930,730536,737675,436840,958932,71202,587,406,431828,1035390,1468211,153956,212740,376499
3,5,Georgia,GA,1930,1473979,1434527,1009174,1784210,113278,43,317,1071125,1837021,2908506,194459,440011,652793
4,8,Idaho,ID,1930,207685,237347,145724,276784,22310,3638,1886,668,438840,445032,59584,44996,108044
2,3,Illinois,IL,1930,3757197,3873457,1980797,5221401,421073,469,5946,328972,7295267,7630654,882999,1017115,1929396
2,3,Indiana,IN,1930,1598442,1640061,897005,2106442,232787,285,458,111982,3125778,3238503,474196,353807,843066
2,4,Iowa,IA,1930,1215838,1255101,699060,1586398,184239,660,222,17380,2452677,2470939,340778,282607,635704
2,4,Kansas,KS,1930,919708,961291,542471,1208341,129468,2454,204,66344,1811997,1880999,267115,210106,487188
3,6,Kentucky,KY,1930,1291796,1322793,889335,1581744,142122,22,75,226040,2388452,2614589,306284,290379,609405
3,7,Louisiana,LA,1930,1053770,1047823,706356,1318582,75850,1536,1019,776326,1322712,2101593,165731,307273,485363
1,1,Maine,ME,1930,396138,401285,228825,498997,69010,1012,130,1096,795185,797423,119898,74358,197826
3,5,Maryland,MD,1930,810517,821009,459898,1074850,92972,50,871,276379,1354226,1631526,208563,169359,385179
1,1,Massachusetts,MA,1930,2177942,2071672,1127300,2845071,274195,874,3383,52365,4192992,4249614,439238,569645,1021160
2,3,Michigan,MI,1930,2323016,2519309,1405880,3178679,254891,7080,2285,169453,4663507,4842325,685516,476682,1180554
2,4,Minnesota,MN,1930,1247382,1316571,741540,1657965,163480,11077,832,9445,2542599,2563953,349908,243696,606496
3,6,Mississippi,MS,1930,1004680,1005141,712037,1219532,77443,1458,568,1009718,998077,2009821,149973,311586,471704
2,4,Missouri,MO,1930,1806501,1822866,970057,2411996,244525,578,1073,223840,3403876,3629367,459810,461203,939476
4,8,Montana,MT,1930,244378,293228,159651,350918,26700,14798,1654,1256,519898,537606,71419,59636,136210
2,4,Nebraska,NE,1930,671615,706348,408163,882856,86194,3256,932,13752,1360023,1377963,181369,152835,342999
4,8,Nevada,NV,1930,37897,53161,22035,64159,4814,4871,1156,516,84515,91058,11551,12977,25469
1,1,New_Hampshire,NH,1930,233534,231759,124921,298568,41560,64,88,790,464351,465293,64823,53078,119337
1,2,New_Jersey,NJ,1930,2010690,2030644,1094928,2742659,201043,213,2630,208828,3829663,4041334,470509,502497,985636
4,8,New_Mexico,NM,1930,204095,219222,155293,250995,16825,28941,431,2850,391095,423317,54439,40428,98546
1,2,New_York,NY,1930,6275546,6312520,3152319,8757856,667325,6973,15088,412814,12153191,12588066,1155036,1957733,3153124
3,5,North_Carolina,NC,1930,1595068,1575208,1200560,1851926,115671,16579,92,918647,2234958,3170276,279946,349555,644033
2,4,North_Dakota,ND,1930,321230,359615,233731,416441,30280,8387,230,377,671851,680845,81352,57399,145005
2,3,Ohio,OH,1930,3285556,3361141,1825204,4403470,414836,435,1785,309304,6335173,6646697,912295,763650,1697918
3,7,Oklahoma,OK,1930,1162776,1233264,808413,1489700,96888,92725,339,172198,2130778,2396040,225266,320555,564164
4,9,Oregon,OR,1930,454114,499672,233038,652974,67332,4776,8179,2234,938597,953786,154283,106712,266328
1,2,Pennsylvania,PA,1930,4785833,4845517,2885054,6232944,508278,523,3563,431257,9196007,9631350,1198420,1003159,2235620
1,1,Rhode_Island,RI,1930,352125,335372,191988,455335,39953,318,240,9913,677026,687497,67467,96432,165343
3,5,South_Carolina,SC,1930,885607,853158,668634,1012375,57164,959,76,793681,944049,1738765,111257,248335,365680
2,4,South_Dakota,SD,1930,329199,363650,224677,430881,36915,21833,101,646,670269,692849,82482,72902,161013
3,6,Tennessee,TN,1930,1311997,1304559,868625,1625261,119045,161,105,477646,2138644,2616556,270260,314841,600625
3,7,Texas,TX,1930,2858721,2965994,1876131,3711934,232459,1001,1578,854964,4967172,5824715,557686,779269,1380096
4,8,Utah,UT,1930,247848,259999,180884,304075,22665,2869,3903,1108,499967,507847,69583,44610,115936
1,1,Vermont,VT,1930,176345,183266,101710,226530,31253,36,41,568,358966,359611,52813,35563,89188
3,5,Virginia,VA,1930,1205805,1216046,818639,1485350,116678,779,466,650165,1770441,2421851,272208,247497,529089
4,9,Washington,WA,1930,737004,826392,389260,1070653,101503,11253,23642,6840,1521661,1563396,245138,167609,423833
3,5,West_Virginia,WV,1930,839334,889871,620718,1034711,73043,18,103,114893,1614191,1729205,168543,198736,373941
2,3,Wisconsin,WI,1930,1428191,1510815,849059,1896252,192059,11548,464,10739,2916255,2939006,440197,256811,711889
4,8,Wyoming,WY,1930,100780,124785,68342,148338,8707,1845,1229,1250,221241,225565,26425,28322,56887
3,6,Alabama,AL,1940,1433060,1399901,916158,1780594,136209,464,110,983290,1849097,2832961,226460,447355,673815
4,8,Arizona,AZ,1940,241091,258170,153934,321418,23909,55076,2400,14993,426792,499261,62842,68291,131133
3,7,Arkansas,AR,1940,966471,982916,604115,1238012,107260,278,447,482578,1466084,1949387,196916,298909,495825
4,9,California,CA,1940,3391657,3515730,1367301,4984839,555247,18675,167643,124306,6596763,6907387,928796,1209547,2138343
4,8,Colorado,CO,1940,554518,568778,287983,748875,86438,1360,3258,12176,1106502,1123296,146455,169545,316000
1,1,Connecticut,CT,1940,859319,849923,362707,1217981,128554,201,642,32992,1675407,1709242,181629,267053,448682
3,5,Delaware,DE,1940,132172,134333,60512,185427,20566,14,87,35876,230528,266505,33213,37328,70541
3,5,District_of_Columbia,DC,1940,345569,317522,118185,503700,41206,190,1309,187266,474326,663091,51944,121501,173445
3,5,Florida,FL,1940,954291,943123,475529,1290668,131217,690,540,514198,1381986,1897414,226655,293232,519887
3,5,Georgia,GA,1940,1588965,1534758,957187,2007822,158714,106,412,1084927,2038278,3123723,231689,520552,752241
4,8,Idaho,ID,1940,248294,276579,150154,343019,31700,3537,1449,595,519292,524873,82078,59649,141727
2,3,Illinois,IL,1940,3940092,3957149,1708001,5621277,567963,624,4969,387446,7504202,7897241,882870,1309854,2192724
2,3,Indiana,IN,1940,1702595,1725201,822548,2317212,288036,223,334,121916,3305323,3427796,510636,450862,961498
2,4,Iowa,IA,1940,1257774,1280494,623850,1686651,227767,733,150,16694,2520691,2538268,361477,340347,701824
2,4,Kansas,KS,1940,894688,906340,439465,1204427,157136,1165,229,65138,1734496,1801028,260495,250614,511109
3,6,Kentucky,KY,1940,1409815,1435812,864049,1792294,189284,44,127,214031,2631425,2845627,335350,363188,698538
3,7,Louisiana,LA,1940,1191498,1172382,702439,1542438,119003,1801,1037,849303,1511739,2363880,218447,374081,592528
1,1,Maine,ME,1940,421405,425821,221307,545594,80325,1251,128,1304,844543,847226,125390,93578,218968
3,5,Maryland,MD,1940,906206,915038,433847,1263881,123516,73,759,301931,1518481,1821244,220765,244918,465683
1,1,Massachusetts,MA,1940,2214242,2102479,940426,3007321,368974,769,2965,55391,4257596,4316721,426785,693909,1120694
2,3,Michigan,MI,1940,2561379,2694727,1314156,3611096,330854,6282,1836,208345,5039643,5256106,773755,622259,1396014
2,4,Minnesota,MN,1940,1364755,1427545,689151,1890531,212618,12528,862,9928,2768982,2792300,402318,326041,728359
3,6,Mississippi,MS,1940,1099314,1084482,712531,1355847,115418,2134,757,1074578,1106327,2183796,178118,356838,534956
2,4,Missouri,MO,1940,1903412,1881252,885643,2573276,325745,330,761,244386,3539187,3784664,472950,595692,1068642
4,8,Montana,MT,1940,260447,299009,141895,381304,36257,16841,1027,1120,540468,559456,83126,76837,159963
2,4,Nebraska,NE,1940,650046,665788,331531,878671,105632,3401,638,14171,1297624,1315834,169966,190778,360744
4,8,Nevada,NV,1940,48906,61341,24846,78601,6800,4747,806,664,104030,110247,15353,17938,33291
1,1,New_Hampshire,NH,1940,246615,244909,114897,327907,48720,50,71,414,490989,491524,68705,64231,132936
1,2,New_Jersey,NJ,1940,2091006,2069159,874762,3006582,278821,211,1894,226973,3931087,4160165,433878,666382,1100260
4,8,New_Mexico,NM,1940,259972,271846,183592,324942,23284,34510,324,4672,492312,531818,74150,55325,129475
1,2,New_York,NY,1940,6788816,6690326,2777296,9779490,922356,8651,19724,571221,12879546,13479142,1111388,2550725,3662113
3,5,North_Carolina,NC,1940,1798633,1772990,1161219,2253864,156540,22546,144,981298,2567635,3571623,335063,454596,789659
2,4,North_Dakota,ND,1940,306533,335402,190590,411955,39390,10114,156,201,631464,641935,75710,76333,152043
2,3,Ohio,OH,1940,3446540,3461072,1578860,4789023,539729,338,1282,339461,6566531,6907612,948354,949442,1897796
3,7,Oklahoma,OK,1940,1154542,1181892,682883,1508617,144934,63125,232,168849,2104228,2336434,261162,349319,610481
4,9,Oregon,OR,1940,526995,562689,231305,765651,92728,4594,6794,2565,1075731,1089684,187044,150448,337492
1,2,Pennsylvania,PA,1940,4948973,4951207,2395586,6827126,677468,441,2578,470172,9426989,9900180,1154948,1360576,2515524
1,1,Rhode_Island,RI,1940,363942,349404,157800,501262,54284,196,321,11024,701805,713346,70190,117516,187706
3,5,South_Carolina,SC,1940,964565,935239,640685,1177805,81314,1234,98,814164,1084308,1899804,133279,301689,434968
2,4,South_Dakota,SD,1940,310447,332514,178429,420092,44440,23347,65,474,619075,642961,74388,91040,165428
3,6,Tennessee,TN,1940,1470012,1445829,856003,1888060,171778,114,85,508736,2406906,2915841,315182,399712,714894
3,7,Texas,TX,1940,3193721,3221103,1796567,4270762,347495,1103,1785,924391,5487545,6414824,717682,960714,1678396
4,8,Utah,UT,1940,271690,278620,172965,347130,30215,3611,2544,1235,542920,550310,85225,54262,139487
1,1,Vermont,VT,1940,177007,182224,92529,232210,34492,16,25,384,358806,359231,51709,40726,92435
3,5,Virginia,VA,1940,1328769,1349004,766832,1755997,154944,198,543,661449,2015583,2677773,306688,320844,627532
4,9,Washington,WA,1940,830434,905757,366522,1225349,144320,11394,19226,7424,1698147,1736191,306174,231163,537337
3,5,West_Virginia,WV,1940,933392,968582,594358,1206642,100974,25,93,117754,1784102,1901974,194409,250406,444815
2,3,Wisconsin,WI,1940,1537411,1600176,782232,2113173,242182,12265,412,12158,3112752,3137587,450208,376999,827207
4,8,Wyoming,WY,1940,115687,135055,66719,171465,12558,2349,840,956,246597,250742,33749,35625,69374
3,6,Alabama,AL,1950,1559103,1502640,1000367,1862728,198648,928,275,979617,2079591,3061743,388996,397843,786839
4,8,Arizona,AZ,1950,370528,379059,239077,466269,44241,65761,2731,25974,654511,749587,118620,91754,210374
3,7,Arkansas,AR,1950,957977,951534,609827,1150689,148995,533,705,426639,1481507,1909511,285599,238792,524391
4,9,California,CA,1950,5290594,5295629,2599572,7091646,895005,19947,143280,462172,9915173,10586223,1811684,1521722,3333406
4,8,Colorado,CO,1950,659940,665149,364081,845416,115592,1567,5870,20177,1296653,1325089,227298,163937,391235
1,1,Connecticut,CT,1950,1018783,988497,476866,1353590,176824,333,704,53472,1952329,2007280,290968,278670,569638
3,5,Delaware,DE,1950,160741,157344,81957,209808,26320,0,99,43598,273878,318085,53247,37143,90390
3,5,District_of_Columbia,DC,1950,424260,377918,160861,584630,56687,330,2178,280803,517865,802178,72362,151780,224142
3,5,Florida,FL,1950,1404388,1366917,725803,1808028,237474,1011,667,603101,2166051,2771305,473124,348377,821501
3,5,Georgia,GA,1950,1755911,1688667,1088987,2135936,219655,333,639,1062762,2380577,3444578,413696,475573,889269
4,8,Idaho,ID,1950,285400,303237,186669,358431,43537,3800,2224,1050,581395,588637,110694,58416,169110
2,3,Illinois,IL,1950,4392925,4319251,2092536,5865339,754301,1443,15853,645980,8046058,8712176,1294249,1287751,2582000
2,3,Indiana,IN,1950,1975708,1958516,1053397,2519801,361026,438,814,174168,3758512,3934224,766018,402898,1168916
2,4,Iowa,IA,1950,1310790,1310283,705868,1642207,272998,1084,620,19692,2599546,2621073,494826,285341,780167
2,4,Kansas,KS,1950,951765,953534,499149,1211932,194218,2381,431,73158,1828961,1905299,375033,211617,586650
3,6,Kentucky,KY,1950,1469819,1474987,908443,1801120,235243,234,409,201921,2742090,2944806,456797,321957,778754
3,7,Louisiana,LA,1950,1364350,1319166,844930,1661737,176849,409,653,882428,1796683,2683516,364945,360000,724945
1,1,Maine,ME,1950,459629,454145,253454,566758,93562,1522,107,1221,910846,913774,159824,94619,254443
3,5,Maryland,MD,1950,1176398,1166603,625852,1553635,163514,314,1084,385972,1954975,2343001,360718,280504,641222
1,1,Massachusetts,MA,1950,2420147,2270367,1109076,3113002,468436,1201,4011,73171,4611503,4690514,624838,680356,1305194
2,3,Michigan,MI,1950,3159647,3212119,1744518,4165598,461650,7000,3136,442296,5917825,6371766,1208975,581727,1790702
2,4,Minnesota,MN,1950,1481275,1501208,823899,1889454,269130,12533,1769,14022,2953697,2982483,561177,284088,845265
3,6,Mississippi,MS,1950,1102123,1076791,739861,1286089,152964,2502,1073,986494,1188632,2178914,265061,289704,554765
2,4,Missouri,MO,1950,2013790,1940863,986213,2561052,407388,547,1046,297088,3655593,3954653,691256,506341,1197597
4,8,Montana,MT,1950,281601,309423,170092,370068,50864,16606,733,1232,572038,591024,105744,69726,175470
2,4,Nebraska,NE,1950,658178,667332,348684,846447,130379,3954,821,19234,1301328,1325510,238810,155338,394148
4,8,Nevada,NV,1950,75066,85017,41425,107672,10986,5025,663,4302,149908,160083,24484,25757,50241
1,1,New_Hampshire,NH,1950,270818,262424,135583,339866,57793,74,118,731,532275,533242,90213,64990,155203
1,2,New_Jersey,NJ,1950,2452585,2382744,1121276,3320064,393989,621,3602,318565,4511585,4835329,729993,643644,1373637
4,8,New_Mexico,NM,1950,333643,347544,237153,410970,33064,41901,417,8408,630211,681187,104131,72862,176993
1,2,New_York,NY,1950,7590248,7239944,3351930,10219805,1258457,10640,24064,918191,13872095,14830192,1638860,2686279,4325139
3,5,North_Carolina,NC,1950,2044824,2017105,1311723,2524909,225297,3742,443,1047353,2983121,4061929,530371,463985,994356
2,4,North_Dakota,ND,1950,296692,322944,192176,379264,48196,10766,143,257,608448,619636,107341,54764,162105
2,3,Ohio,OH,1950,4018093,3928534,2053594,5184058,708975,1146,3528,513072,7428222,7946627,1413086,900904,2313990
3,7,Oklahoma,OK,1950,1117796,1115555,639381,1400048,193922,53769,534,145503,2032526,2233351,397811,265392,663203
4,9,Oregon,OR,1950,748565,772776,403651,984669,133021,5820,5762,11529,1497128,1521341,312828,166219,479047
1,2,Pennsylvania,PA,1950,5327601,5170411,2629253,6981934,886825,1141,3287,638485,9853848,10498012,1739833,1176046,2915879
1,1,Rhode_Island,RI,1950,401313,390583,186041,535437,70418,385,428,13903,777015,791896,102071,123376,225447
3,5,South_Carolina,SC,1950,1076487,1040540,735947,1266075,115005,554,135,822077,1293405,2117027,232284,282354,514638
2,4,South_Dakota,SD,1950,315489,337251,190375,407069,55296,23344,100,727,628504,652740,113780,69198,182978
3,6,Tennessee,TN,1950,1668611,1623107,989434,2067400,234884,339,334,530603,2760257,3291718,492643,378831,871474
3,7,Texas,TX,1950,3848052,3863142,2246776,4950998,513420,2736,3392,977458,6726534,7711194,1241540,947638,2189178
4,8,Utah,UT,1950,341226,347636,230979,415465,42418,4201,4787,2729,676909,688862,122600,65225,187825
1,1,Vermont,VT,1950,189993,187754,105889,232324,39534,30,48,443,377188,377747,63397,40099,103496
3,5,Virginia,VA,1950,1643464,1675216,965500,2138656,214524,1056,758,734211,2581555,3318680,465933,379326,845259
4,9,Washington,WA,1950,1155112,1223851,626807,1540751,211405,13816,13102,30691,2316496,2378963,477897,257849,735746
3,5,West_Virginia,WV,1950,999265,1006287,636476,1230550,138526,160,145,114867,1890282,2005552,284924,233357,518281
2,3,Wisconsin,WI,1950,1707733,1726842,926573,2198085,309917,12196,1119,28182,3392690,3434575,613959,353489,967448
4,8,Wyoming,WY,1950,135676,154853,84542,187822,18165,3237,556,2557,284009,290529,45428,38757,84185
3,6,Alabama,AL,1960,1675031,1591709,1108552,1897041,261147,1276,915,980271,2283609,3266740,528031,356085,884116
4,8,Arizona,AZ,1960,647233,654928,452796,759140,90225,83387,5380,43403,1169517,1302161,234347,132283,366630
3,7,Arkansas,AR,1960,907285,878987,569659,1022241,194372,580,996,388787,1395703,1786272,321219,202333,523552
4,9,California,CA,1960,7880497,7836707,4763695,9577305,1376204,39014,318376,883861,14455230,15717204,2910093,2072015,4982108
4,8,Colorado,CO,1960,883480,870467,569058,1026729,158160,4288,8175,39992,1700700,1753947,337565,191854,529419
1,1,Connecticut,CT,1960,1291005,1244229,747274,1545345,242615,923,2244,107449,2423816,2535234,465672,287064,752736
3,5,Delaware,DE,1960,225156,221136,143568,266979,35745,597,410,60688,384327,446292,85971,42611,128582
3,5,District_of_Columbia,DC,1960,405785,358171,193672,501141,69143,587,4690,411737,345263,763956,75532,176534,252066
3,5,Florida,FL,1960,2514777,2436783,1466814,2931617,553129,2504,3699,880186,4063881,4951560,1047217,503197,1550414
3,5,Georgia,GA,1960,2017203,1925913,1323749,2328706,290661,749,2004,1122596,2817223,3943116,601631,468694,1070325
4,8,Idaho,ID,1960,328770,338421,231449,377484,58258,5231,2758,1502,657383,667191,136746,57093,193839
2,3,Illinois,IL,1960,5128292,4952866,3001418,6104817,974923,4704,24708,1037470,9010252,10081158,1782127,1302844,3084971
2,3,Indiana,IN,1960,2363760,2298738,1481568,2735411,445519,948,2447,269275,4388554,4662498,986098,401780,1387878
2,4,Iowa,IA,1960,1398490,1359047,857852,1572000,327685,1708,1189,25354,2728709,2757537,581352,260005,841357
2,4,Kansas,KS,1960,1097234,1081377,672312,1266030,240269,5069,2271,91445,2078666,2178611,463350,209549,672899
3,6,Kentucky,KY,1960,1529708,1508448,979757,1766076,292323,391,1298,215949,2820083,3038156,547750,304117,851867
3,7,Louisiana,LA,1960,1664768,1592254,1147992,1867439,241591,3587,2004,1039207,2211715,3257022,526366,365978,892344
1,1,Maine,ME,1960,490211,479054,300978,561743,106544,1879,597,3318,963291,969265,186379,93976,280355
3,5,Maryland,MD,1960,1567489,1533200,992573,1881577,226539,1538,5700,518410,2573919,3100689,556391,306610,863001
1,1,Massachusetts,MA,1960,2662343,2486235,1480833,3096136,571609,2118,9478,111842,5023144,5148578,857436,677549,1534985
2,3,Michigan,MI,1960,3940326,3882868,2591796,4593214,638184,9701,7579,717581,7085865,7823194,1665603,573476,2239079
2,4,Minnesota,MN,1960,1720902,1692962,1121365,1938148,354351,15496,3642,22263,3371603,3413864,714960,277021,991981
3,6,Mississippi,MS,1960,1110208,1067933,780270,1207842,190029,3119,1481,915743,1257546,2178141,327894,240176,568070
2,4,Missouri,MO,1960,2211534,2108279,1264968,2551434,503411,1723,3146,390853,3922967,4319813,874532,485522,1360054
4,8,Montana,MT,1960,331024,343743,227192,382155,65420,21181,1082,1467,650738,674767,129399,72841,202240
2,4,Nebraska,NE,1960,711304,700026,435825,811349,164156,5545,1318,29262,1374764,1411330,280867,152581,433448
4,8,Nevada,NV,1960,137757,147521,87243,179862,18173,6681,1402,13484,263443,285278,51491,40029,91520
1,1,New_Hampshire,NH,1960,308814,298107,182509,356707,67705,135,400,1903,604334,606921,117232,62788,180020
1,2,New_Jersey,NJ,1960,3094791,2971991,1748789,3757579,560414,1699,8778,514875,5539003,6066782,1107841,698598,1806439
4,8,New_Mexico,NM,1960,471253,479770,360689,539064,51270,56255,1484,17063,875763,951023,163926,87283,251209
1,2,New_York,NY,1960,8659065,8123239,4627071,10467643,1687590,16491,51678,1417511,15287071,16782304,2350265,2898445,5248710
3,5,North_Carolina,NC,1960,2309086,2247069,1521107,2722881,312167,38129,2012,1116021,3399285,4556155,724631,480084,1204715
2,4,North_Dakota,ND,1960,309238,323208,217685,356170,58591,11736,274,777,619538,632446,118566,54796,173362
2,3,Ohio,OH,1960,4942169,4764228,3078536,5730737,897124,1910,6585,786097,8909698,9706397,1922686,929871,2852557
3,7,Oklahoma,OK,1960,1180433,1147851,697719,1381734,248831,64689,1414,153084,2107900,2328284,492263,242330,734593
4,9,Oregon,OR,1960,888736,879951,545289,1039745,183653,8026,9120,18133,1732037,1768687,386608,171606,558214
1,2,Pennsylvania,PA,1960,5809515,5509851,3295090,6895751,1128525,2122,7729,852750,10454004,11319366,2289741,1061098,3350839
1,1,Rhode_Island,RI,1960,437643,421845,243828,526120,89540,932,1190,18332,838712,859488,140336,116999,257335
3,5,South_Carolina,SC,1960,1206776,1175818,850128,1381867,150599,1098,946,829291,1551022,2382594,345756,257795,603551
2,4,South_Dakota,SD,1960,336243,344271,228482,380519,71513,25794,336,1114,653098,680514,130864,63957,194821
3,6,Tennessee,TN,1960,1826399,1740690,1128020,2130208,308861,638,1243,586876,2977753,3567089,639600,363701,1003301
3,7,Texas,TX,1960,4834696,4744981,3172234,5662052,745391,5750,9848,1187125,8374831,9579677,1799477,978639,2778116
4,8,Utah,UT,1960,445703,444924,334292,496378,59957,6961,5207,4148,873828,890627,173296,68236,241532
1,1,Vermont,VT,1960,198138,191743,122601,223539,43741,57,172,519,389092,389881,73115,37617,110732
3,5,Virginia,VA,1960,1987577,1979372,1268666,2409313,288970,2155,4725,816258,3142443,3966949,658078,414762,1072840
4,9,Washington,WA,1960,1418177,1435037,892194,1681975,279045,21076,29253,48738,2751675,2853214,612443,281725,894168
3,5,West_Virginia,WV,1960,945386,915035,598478,1089427,172516,181,419,89378,1770133,1860421,335068,186074,521142
2,3,Wisconsin,WI,1960,1987265,1964512,1269103,2279938,402736,14297,2836,74546,3858903,3951777,786617,359725,1146342
4,8,Wyoming,WY,1960,161051,169015,111374,192784,25908,4020,805,2183,322922,330066,61676,37511,99187
3,6,Alabama,AL,1970,1782224,1661941,1020158,2098046,325961,2443,2245,903467,2533831,3444165,689411,344702,1034113
4,8,Arizona,AZ,1970,899894,871006,537531,1071895,161474,95812,7525,53344,1604948,1770900,352043,187114,539157
3,7,Arkansas,AR,1970,990985,932310,540835,1144700,237760,2014,1619,352445,1565915,1923295,410438,204986,615424
4,9,California,CA,1970,10136449,9816685,5524491,12627666,1800977,91018,522270,1400143,17761032,19953134,3611347,2962514,6573861
4,8,Colorado,CO,1970,1117882,1089377,644218,1375150,187891,8836,10388,66411,2112352,2207259,438120,252808,690928
1,1,Connecticut,CT,1970,1561222,1470487,853439,1889362,288908,2222,6007,181177,2835458,3031709,583381,349888,933269
3,5,Delaware,DE,1970,280772,267332,165382,338889,43833,656,1310,78276,466459,548104,112120,52684,164804
3,5,District_of_Columbia,DC,1970,405019,351491,188381,497326,70803,956,4895,537712,209272,756510,73980,188558,262538
3,5,Florida,FL,1970,3513872,3275571,1749907,4050170,989366,6677,12315,1041651,5719343,6789443,1566864,717922,2284786
3,5,Georgia,GA,1970,2358879,2230696,1372944,2849173,367458,2347,4673,1187149,3391242,4589575,836323,532902,1369225
4,8,Idaho,ID,1970,356817,355750,216298,428493,67776,6687,2959,2130,698802,712567,153589,65371,218960
2,3,Illinois,IL,1970,5722140,5391836,3170230,6850092,1093654,11413,44427,1425674,9600381,11113976,2081101,1421037,3502138
2,3,Indiana,IN,1970,2662499,2531170,1530603,3169257,493809,3887,5759,357464,4820324,5193669,1153249,456245,1609494
2,4,Iowa,IA,1970,1451509,1372867,806753,1667330,350293,2992,2616,32596,2782762,2824376,642676,253635,896311
2,4,Kansas,KS,1970,1145005,1101573,614978,1365399,266201,8672,3575,106977,2122068,2246578,502585,224779,727364
3,6,Kentucky,KY,1970,1639670,1579036,921734,1959544,337428,1531,2265,230793,2981766,3218706,657909,325756,983665
3,7,Louisiana,LA,1970,1869822,1771484,1156439,2178160,306707,5294,3712,1086832,2541498,3641306,663927,388111,1052038
1,1,Maine,ME,1970,509183,482865,285981,591475,114592,2195,1007,2800,985276,992048,212199,90724,302923
3,5,Maryland,MD,1970,2006078,1916321,1158687,2464030,299682,4239,15423,699479,3194888,3922399,690514,484559,1175073
1,1,Massachusetts,MA,1970,2969772,2719398,1567823,3485162,636185,4475,20766,175817,5477624,5689170,1012173,747519,1759692
2,3,Michigan,MI,1970,4526435,4348648,2707546,5414582,752955,16854,15285,991066,7833474,8875083,1974548,678511,2653059
2,4,Minnesota,MN,1970,1941161,1863810,1149427,2246625,408919,23128,6481,34868,3736038,3804971,824629,329317,1153946
3,6,Mississippi,MS,1970,1142695,1074217,699805,1294787,222320,4113,2377,815770,1393283,2216912,421900,214824,636724
2,4,Missouri,MO,1970,2420549,2255952,1290427,2825418,560656,5405,7207,480172,4177495,4676501,1021106,499461,1520567
4,8,Montana,MT,1970,347404,347005,207930,417743,68736,27130,1099,1995,663043,694409,142774,74530,217304
2,4,Nebraska,NE,1970,759038,724455,420419,879548,183526,6624,2189,39911,1432867,1483493,314600,159121,473721
4,8,Nevada,NV,1970,240940,247798,144056,313714,30968,7933,2859,27762,448177,488738,93676,66376,160052
1,1,New_Hampshire,NH,1970,377009,360672,214276,444993,78412,361,937,2505,733106,737681,153771,71607,225378
1,2,New_Jersey,NJ,1970,3700791,3467373,1992283,4478892,696989,4706,20537,770292,6349908,7168164,1349815,868367,2218182
4,8,New_Mexico,NM,1970,515176,500824,338695,606694,70611,72788,1889,19555,915815,1016000,192231,97158,289389
1,2,New_York,NY,1970,9521628,8715339,4877422,11398793,1960752,28355,116008,2168949,15834090,18236967,2795635,3118226,5913861
3,5,North_Carolina,NC,1970,2593692,2488367,1452663,3215276,414120,44406,4264,1126478,3901767,5082059,987290,522274,1509564
2,4,North_Dakota,ND,1970,306152,311609,185892,365501,66368,14369,608,2494,599485,617761,124190,57423,181613
2,3,Ohio,OH,1970,5488644,5163373,3107689,6546634,997694,6654,14350,970477,9646997,10652017,2226021,1063411,3289432
3,7,Oklahoma,OK,1970,1312874,1246355,688511,1570962,299756,98468,3019,171892,2280362,2559229,588895,261908,850803
4,9,Oregon,OR,1970,1067433,1023952,569689,1294897,226799,13510,13290,26308,2032079,2091385,457017,234614,691631
1,2,Pennsylvania,PA,1970,6128495,5665414,3177496,7344287,1272126,5533,17074,1016514,10737732,11793909,2549277,1156133,3705410
1,1,Rhode_Island,RI,1970,482434,464291,250198,592595,103932,1390,3483,25338,914757,946725,168923,123042,291965
3,5,South_Carolina,SC,1970,1318429,1272087,787709,1611847,190960,2241,2569,789041,1794430,2590516,485427,248946,734373
2,4,South_Dakota,SD,1970,335474,330033,197398,387625,80484,32365,467,1627,630333,665507,139681,61126,200807
3,6,Tennessee,TN,1970,2026013,1897674,1096781,2442981,383925,2276,3616,621261,3293930,3923687,809376,403811,1213187
3,7,Texas,TX,1970,5715561,5481169,3328468,6876203,992059,17957,17614,1399005,9717128,11196730,2222469,1211527,3433996
4,8,Utah,UT,1970,536008,523265,352549,629163,77561,11273,6386,6617,1031926,1059273,206570,91364,297934
1,1,Vermont,VT,1970,227164,217166,131215,265627,47488,229,360,761,442553,444330,91285,40813,132098
3,5,Virginia,VA,1970,2351373,2297121,1323333,2959140,366021,4853,13801,861368,3761514,4648494,862591,528045,1390636
4,9,Washington,WA,1970,1715422,1693747,957731,2129377,322061,33386,40998,71308,3251055,3409169,738186,367401,1105587
3,5,West_Virginia,WV,1970,899568,844669,473758,1076005,194474,751,1463,67342,1673480,1744237,376767,170447,547214
2,3,Wisconsin,WI,1970,2250358,2167373,1317589,2627277,472865,18924,6557,128224,4258959,4417731,918123,410681,1328804
4,8,Wyoming,WY,1970,165641,166775,98794,203418,30204,4980,966,2568,323024,332416,69440,35160,104600
3,6,Alabama,AL,1980,2022354,1871534,938658,2515215,440015,7583,9734,996335,2872621,3893888,941219,400637,1341856
4,8,Arizona,AZ,1980,1380273,1337942,644523,1766330,307362,152745,22032,74977,2240761,2718215,653833,303199,957032
3,7,Arkansas,AR,1980,1181747,1104688,541448,1432510,312477,9428,6740,373768,1890322,2286435,575478,240587,816065
4,9,California,CA,1980,12001417,11666485,5154767,16098885,2414250,201369,1253818,1819281,18030893,23667902,4825252,3804614,8629866
4,8,Colorado,CO,1980,1455671,1434293,655777,1986862,247325,18068,29916,101703,2571498,2889964,684408,376841,1061249
1,1,Connecticut,CT,1980,1609571,1498005,647229,2095483,364864,4533,18970,217433,2799420,3107576,699224,394454,1093678
3,5,Delaware,DE,1980,307739,286599,132097,403062,59179,1328,4112,95845,487817,594338,143073,64008,207081
3,5,District_of_Columbia,DC,1980,342916,295417,113116,450930,74287,1031,6636,448906,171768,638333,89846,163297,253143
3,5,Florida,FL,1980,5070698,4675626,1876774,6181977,1687573,19257,56740,1342688,8184513,9746324,2557079,1187175,3744254
3,5,Georgia,GA,1980,2822660,2640445,1331364,3615010,516731,7616,24457,1465181,3947135,5463105,1216459,655193,1871652
4,8,Idaho,ID,1980,472780,471155,255483,594772,93680,10521,5948,2716,901641,943935,233393,90714,324107
2,3,Illinois,IL,1980,5888981,5537537,2611239,7553394,1261885,16283,159653,1675398,9233327,11426518,2533832,1511542,4045374
2,3,Indiana,IN,1980,2824399,2665825,1306645,3598195,585384,7836,20557,414785,5004394,5490224,1381918,545132,1927050
2,4,Iowa,IA,1980,1497418,1416390,664369,1861855,387584,5455,11577,41700,2839225,2913808,756517,296516,1053033
2,4,Kansas,KS,1980,1206738,1156941,525255,1532161,306263,15373,15078,126127,2168221,2363679,612435,259804,872239
3,6,Kentucky,KY,1980,1871738,1789039,873887,2377062,409828,3610,9970,259477,3379006,3660777,884825,378530,1263355
3,7,Louisiana,LA,1980,2166006,2039894,1079294,2722327,404279,12065,23779,1238241,2912172,4205900,925139,486649,1411788
1,1,Maine,ME,1980,578425,546235,256970,726772,140918,4087,2947,3128,1109850,1124660,280377,114807,395184
3,5,Maryland,MD,1980,2174165,2042810,921768,2899598,395609,8021,64278,958150,3158838,4216975,905535,555330,1460865
1,1,Massachusetts,MA,1980,3006144,2730893,1173281,3837225,726531,7743,49501,221279,5362836,5737037,1169819,862898,2032717
2,3,Michigan,MI,1980,4745889,4516189,2214107,6135713,912258,40050,56790,1199023,7872241,9262078,2321883,873330,3195213
2,4,Minnesota,MN,1980,2078144,1997826,936922,2659484,479564,35016,26536,53344,3935770,4075970,1035689,409533,1445222
3,6,Mississippi,MS,1980,1306760,1213878,660603,1570678,289357,6180,7412,887206,1615190,2520638,587696,239473,827169
2,4,Missouri,MO,1980,2551199,2365487,1091738,3176822,648126,12321,23096,514276,4345521,4916686,1248785,544614,1793399
4,8,Montana,MT,1980,394065,392625,187232,514899,84559,37270,2503,1786,740148,786690,194580,89162,283742
2,4,Nebraska,NE,1980,803931,765894,361898,1002243,205684,9195,7002,48390,1490381,1569825,390931,180469,571400
4,8,Nevada,NV,1980,395433,405060,173565,561172,65756,13308,14164,50999,700345,800493,181274,123053,304327
1,1,New_Hampshire,NH,1980,472148,448462,207272,610371,102967,1352,2929,3990,910099,920610,218823,104670,323493
1,2,New_Jersey,NJ,1980,3831811,3533012,1577577,4927475,859771,8394,103848,925066,6127467,7364823,1579827,968767,2548594
4,8,New_Mexico,NM,1980,660737,642157,338447,848541,115906,106119,6825,24020,977587,1302894,300570,140896,441466
1,2,New_York,NY,1980,9218650,8339422,3726864,11670441,2160767,39582,310526,2402006,13960868,17558072,3083406,3257023,6340429
3,5,North_Carolina,NC,1980,3026381,2855385,1333992,3944593,603181,64652,21176,1318857,4457507,5881766,1397425,645866,2043291
2,4,North_Dakota,ND,1980,324291,328426,154811,417461,80445,20158,1979,2568,625557,652717,156498,71166,227664
2,3,Ohio,OH,1980,5580493,5217137,2495255,7132915,1169460,12239,47820,1076748,9597458,10797630,2622919,1210909,3833828
3,7,Oklahoma,OK,1980,1548585,1476705,693555,1955609,376126,169459,17275,204674,2597791,3025290,790614,327947,1118561
4,9,Oregon,OR,1980,1336539,1296566,589878,1739891,303336,27314,34775,37060,2490610,2633105,645941,345652,991593
1,2,Pennsylvania,PA,1980,6181305,5682590,2484500,7848462,1530933,9465,64379,1046810,10652320,11863895,2950649,1268957,4219606
1,1,Rhode_Island,RI,1980,495903,451251,192327,627905,126922,2898,5303,27584,896692,947154,199075,139515,338590
3,5,South_Carolina,SC,1980,1603807,1518013,758338,2076154,287328,5757,11834,948623,2147224,3121820,722547,307434,1029981
2,4,South_Dakota,SD,1980,350085,340683,165717,434032,91019,44968,1738,2144,639669,690768,168002,74521,242523
3,6,Tennessee,TN,1980,2374520,2216600,1045956,3027576,517588,5104,13963,725942,3835452,4591120,1110074,508431,1618505
3,7,Texas,TX,1980,7230468,6998723,3518938,9339092,1371161,40075,120313,1710175,11198441,14229191,3169512,1759755,4929267
4,8,Utah,UT,1980,736536,724501,461830,889987,109220,19256,15076,9225,1382550,1461037,317172,131431,448603
1,1,Vermont,VT,1980,262376,249080,116503,336787,58166,984,1355,1135,506736,511456,122560,55765,178325
3,5,Virginia,VA,1980,2728508,2618310,1179261,3662253,505304,9454,66209,1008668,4229798,5346818,1221555,641518,1863073
4,9,Washington,WA,1980,2079849,2052307,924129,2776465,431562,60804,102537,105574,3779170,4132156,1011319,529191,1540510
3,5,West_Virginia,WV,1980,1004236,945408,455874,1255902,237868,1610,5194,65051,1874751,1949644,504921,181390,686311
2,3,Wisconsin,WI,1980,2400340,2305427,1083991,3057579,564197,29499,18164,182592,4443035,4705767,1127367,524894,1652261
4,8,Wyoming,WY,1980,228997,240560,121266,311116,37175,7094,1969,3364,446488,469557,114653,50971,165624
3,6,Alabama,AL,1990,2104425,1936162,876295,2641303,522989,16506,21797,1020705,2975797,4040587,1061897,444893,1506790
4,8,Arizona,AZ,1990,1854537,1810691,832956,2353498,478774,203527,55206,110524,2963186,3665228,878561,490282,1368843
3,7,Arkansas,AR,1990,1217649,1133076,515815,1484852,350058,12773,12530,373912,1944744,2350725,619938,271241,891179
4,9,California,CA,1990,14862394,14897627,6599040,20025429,3135552,242164,2845659,2208801,20524327,29760021,5773943,4607263,10381206
4,8,Colorado,CO,1990,1663099,1631295,733379,2231572,329443,27776,59862,133146,2905474,3294394,798277,484212,1282489
1,1,Connecticut,CT,1990,1694243,1592873,631733,2209476,445907,6654,50698,274269,2859353,3287116,807481,422998,1230479
3,5,Delaware,DE,1990,343200,322968,138828,446605,80735,2019,9057,112460,535094,666168,173813,73684,247497
3,5,District_of_Columbia,DC,1990,323930,282970,98666,430387,77847,1466,11214,399604,179667,606900,97108,152526,249634
3,5,Florida,FL,1990,6676207,6261719,2412069,8156426,2369431,36335,154302,1759534,10749285,12937926,3452160,1682709,5134869
3,5,Georgia,GA,1990,3333713,3144503,1446101,4377845,654270,13348,75781,1746565,4600148,6478216,1536759,829856,2366615
4,8,Idaho,ID,1990,505793,500956,260422,625062,121265,13780,9365,3370,950451,1006749,252734,107989,360723
2,3,Illinois,IL,1990,5878369,5552233,2481228,7512829,1436545,21836,285311,1694273,8952978,11430602,2699182,1503058,4202240
2,3,Indiana,IN,1990,2855878,2688281,1215632,3632331,696196,12720,37617,432092,5020700,5544159,1450898,614457,2065355
2,4,Iowa,IA,1990,1431953,1344802,606758,1743891,426106,7349,25476,48090,2683090,2776755,745377,318948,1064325
2,4,Kansas,KS,1990,1262929,1214645,563844,1571159,342571,21965,31750,143076,2231986,2477574,641762,302964,944726
3,6,Kentucky,KY,1990,1900061,1785235,791615,2426836,466845,5769,17812,262907,3391832,3685296,960469,419313,1379782
3,7,Louisiana,LA,1990,2188587,2031386,1035470,2715512,468991,18541,41099,1299281,2839138,4219973,987919,511350,1499269
1,1,Maine,ME,1990,630078,597850,258807,805748,163373,5998,6683,5138,1208360,1227928,327888,137424,465312
3,5,Maryland,MD,1990,2462797,2318671,987355,3276631,517482,12972,139719,1189899,3393964,4781468,1137296,611695,1748991
1,1,Massachusetts,MA,1990,3127680,2888745,1138601,4058540,819284,12241,143392,300130,5405374,6016425,1331493,915617,2247110
2,3,Michigan,MI,1990,4782516,4512781,2061171,6125665,1108461,55638,104983,1291706,7756086,9295297,2427643,991688,3419331
2,4,Minnesota,MN,1990,2229916,2145183,995937,2832228,546934,49909,77886,94944,4130395,4375099,1183673,464180,1647853
3,6,Mississippi,MS,1990,1342599,1230617,620588,1631344,321284,8525,13016,915057,1633461,2573216,651587,259787,911374
2,4,Missouri,MO,1990,2652758,2464315,1108575,3290817,717681,19835,41277,548208,4486228,5117073,1348746,612460,1961206
4,8,Montana,MT,1990,403296,395769,187533,505035,106497,47679,4259,2381,741111,799065,205899,100264,306163
2,4,Nebraska,NE,1990,808946,769439,363390,991927,223068,12410,12422,57404,1480558,1578385,400394,201969,602363
4,8,Nevada,NV,1990,589953,611880,253787,820415,127631,19637,38127,78771,1012695,1201833,255388,210909,466297
1,1,New_Hampshire,NH,1990,565708,543544,236931,747292,125029,2134,9343,7198,1087433,1109252,280372,130814,411186
1,2,New_Jersey,NJ,1990,3994503,3735685,1506664,5191499,1032025,14970,272521,1036825,6130465,7730188,1813381,981330,2794711
4,8,New_Mexico,NM,1990,769816,745253,378569,973438,163062,134355,14124,30210,1146028,1515069,365965,176744,542709
1,2,New_York,NY,1990,9364782,8625673,3573947,12052786,2363722,62651,693760,2859055,13385255,17990455,3464436,3174886,6639322
3,5,North_Carolina,NC,1990,3414347,3214290,1335416,4488880,804341,80155,52166,1456323,5008491,6628637,1711817,805209,2517026
2,4,North_Dakota,ND,1990,320599,318201,148697,399048,91055,25917,3462,3524,604142,638800,157950,82928,240878
2,3,Ohio,OH,1990,5620775,5226340,2347106,7093048,1406961,20358,91179,1154826,9521756,10847115,2758149,1329397,4087546
3,7,Oklahoma,OK,1990,1614766,1530819,702537,2018835,424213,252420,33563,233801,2583512,3145585,821188,384947,1206135
4,9,Oregon,OR,1990,1445248,1397073,612561,1838436,391324,38496,69269,46178,2636787,2842321,695957,407356,1103313
1,2,Pennsylvania,PA,1990,6187378,5694265,2340520,7712017,1829106,14733,137438,1089795,10520201,11881643,3176121,1319845,4495966
1,1,Rhode_Island,RI,1990,521968,481496,190106,662811,150547,4071,18325,38861,917375,1003464,224792,153185,377977
3,5,South_Carolina,SC,1990,1798193,1688510,766132,2323636,396935,8246,22382,1039884,2406974,3486703,878704,379340,1258044
2,4,South_Dakota,SD,1990,353506,342498,168736,424937,102331,50575,3123,3258,637515,696004,171161,87873,259034
3,6,Tennessee,TN,1990,2528257,2348928,1009881,3248486,618818,10039,31839,778035,4048068,4877185,1261118,592607,1853725
3,7,Texas,TX,1990,8620547,8365963,4080580,11189354,1716576,65877,319459,2021632,12774762,16986510,3695115,2375822,6070937
4,8,Utah,UT,1990,867091,855759,537153,1035739,149958,24283,33371,11576,1615845,1722850,365979,171294,537273
1,1,Vermont,VT,1990,287266,275492,121040,375555,66163,1696,3215,1951,555088,562758,145368,65282,210650
3,5,Virginia,VA,1990,3153384,3033974,1266047,4256841,664470,15282,159053,1162994,4791739,6187358,1519521,772309,2291830
4,9,Washington,WA,1990,2452945,2413747,1075535,3215869,575288,81483,210958,149801,4308937,4866692,1171580,700851,1872431
3,5,West_Virginia,WV,1990,931941,861536,361346,1163234,268897,2458,7459,56295,1725523,1793477,510058,178499,688557
2,3,Wisconsin,WI,1990,2498834,2392935,1090620,3149928,651221,39387,53583,244539,4512523,4891769,1215350,606768,1822118
4,8,Wyoming,WY,1990,226581,227007,114314,292079,47195,9479,2806,3606,427061,453588,114544,54295,168839
